company	asset	source	games
Nintendo	nintendo.png	typographic	385
Konami	konami.png	simple-icons:konami	323
Electronic Arts	electronic-arts.png	simple-icons:ea	202
Capcom	capcom.png	typographic	193
Acclaim Entertainment	acclaim-entertainment.png	typographic	175
THQ	thq.png	typographic	173
Sega of America	sega-of-america.png	typographic	170
Taito	taito.png	typographic	101
Sunsoft	sunsoft.png	typographic	96
Sega Enterprises	sega-enterprises.png	simple-icons:sega	95
Namco	namco.png	typographic	94
Hudson Soft	hudson-soft.png	typographic	90
Activision	activision.png	simple-icons:activision	85
Rare	rare.png	typographic	83
Ocean Software	ocean-software.png	typographic	80
Natsume	natsume.png	typographic	75
Midway Home Entertainment	midway-home-entertainment.png	typographic	72
Koei	koei.png	typographic	69
TOSE	tose.png	typographic	68
Jaleco	jaleco.png	typographic	61
Tecmo	tecmo.png	typographic	61
Data East	data-east.png	typographic	59
Beam Software	beam-software.png	typographic	59
Infogrames	infogrames.png	typographic	55
Mindscape	mindscape.png	typographic	55
GameTek	gametek.png	typographic	54
Sculptured Software	sculptured-software.png	typographic	54
Ubi Soft Entertainment Software	ubi-soft-entertainment-software.png	typographic	53
Kemco	kemco.png	typographic	49
Tengen	tengen.png	typographic	48
Atlus	atlus.png	typographic	47
Software Creations	software-creations.png	typographic	46
Sony Imagesoft	sony-imagesoft.png	typographic	44
HAL Laboratory	hal-laboratory.png	typographic	41
Virgin Games	virgin-games.png	typographic	40
Digital Eclipse Software	digital-eclipse-software.png	typographic	39
LJN	ljn.png	typographic	38
Accolade	accolade.png	typographic	38
Vicarious Visions	vicarious-visions.png	typographic	35
Irem	irem.png	typographic	34
Nintendo EAD	nintendo-ead.png	typographic	34
Probe Software	probe-software.png	typographic	33
Tradewest	tradewest.png	typographic	32
Kotobuki System	kotobuki-system.png	typographic	32
Imagineering	imagineering.png	typographic	31
Vic Tokai	vic-tokai.png	typographic	31
Iguana Entertainment	iguana-entertainment.png	typographic	30
Sega	sega.png	simple-icons:sega	30
Crawfish Interactive	crawfish-interactive.png	typographic	30
Titus Software	titus-software.png	typographic	29
Hi-Tech Expressions	hi-tech-expressions.png	typographic	28
Intelligent Systems	intelligent-systems.png	typographic	28
SNK	snk.png	typographic	28
FCI	fci.png	typographic	28
Realtime Associates	realtime-associates.png	typographic	28
Atari	atari.png	simple-icons:atari	28
Bandai	bandai.png	typographic	27
3DO	3do.png	typographic	27
Square	square.png	simple-icons:square	26
Black Pearl Software	black-pearl-software.png	typographic	26
Electro Brain	electro-brain.png	typographic	26
Crave Entertainment	crave-entertainment.png	typographic	26
Nintendo R&D1	nintendo-r-d1.png	typographic	26
Titus France	titus-france.png	typographic	25
Majesco Sales	majesco-sales.png	typographic	25
Codemasters	codemasters.png	typographic	25
BAM! Entertainment	bam-entertainment.png	typographic	25
Sachen	sachen.png	typographic	24
Color Dreams	color-dreams.png	typographic	24
Torus Games	torus-games.png	typographic	24
SETA	seta.png	typographic	23
U.S. Gold	u-s-gold.png	typographic	23
Tiertex	tiertex.png	typographic	23
Interplay Productions	interplay-productions.png	typographic	22
Culture Brain	culture-brain.png	typographic	22
Destination Software	destination-software.png	typographic	22
Eurocom Entertainment Software	eurocom-entertainment-software.png	typographic	21
Virgin Interactive Entertainment	virgin-interactive-entertainment.png	typographic	21
Probe Entertainment	probe-entertainment.png	typographic	20
Takara	takara.png	typographic	20
Altron	altron.png	typographic	20
Absolute Entertainment	absolute-entertainment.png	typographic	20
Enix	enix.png	typographic	19
Park Place Productions	park-place-productions.png	typographic	19
American Video Entertainment	american-video-entertainment.png	typographic	19
Ultra Games	ultra-games.png	typographic	19
Technōs Japan	technos-japan.png	typographic	18
Ubisoft Entertainment	ubisoft-entertainment.png	simple-icons:ubisoft	18
Psygnosis	psygnosis.png	typographic	17
Viacom New Media	viacom-new-media.png	typographic	17
Radical Entertainment	radical-entertainment.png	typographic	17
Hot-B	hot-b.png	typographic	17
Human Entertainment	human-entertainment.png	typographic	17
Saffire	saffire.png	typographic	17
WayForward Technologies	wayforward-technologies.png	typographic	17
Flying Edge	flying-edge.png	typographic	17
BlueSky Software	bluesky-software.png	typographic	17
Tiertex Design Studios	tiertex-design-studios.png	typographic	16
Bullet-Proof Software	bullet-proof-software.png	typographic	16
Imagineer	imagineer.png	typographic	16
Game Freak	game-freak.png	typographic	16
Kid	kid.png	typographic	15
Athena	athena.png	typographic	15
Konami Computer Entertainment Osaka	konami-computer-entertainment-osaka.png	typographic	15
Compile	compile.png	typographic	15
Time Warner Interactive	time-warner-interactive.png	typographic	14
Wisdom Tree	wisdom-tree.png	typographic	14
Telegames	telegames.png	typographic	14
The Code Monkeys	the-code-monkeys.png	typographic	14
NewKidCo	newkidco.png	typographic	14
Conspiracy Entertainment	conspiracy-entertainment.png	typographic	14
Malibu Games	malibu-games.png	typographic	13
High Score Productions	high-score-productions.png	typographic	13
Spidersoft	spidersoft.png	typographic	13
Vatical Entertainment	vatical-entertainment.png	typographic	13
Magic Pockets	magic-pockets.png	typographic	13
Sonic Team	sonic-team.png	typographic	13
Malibu Interactive	malibu-interactive.png	typographic	12
HAL America	hal-america.png	typographic	12
American Softworks	american-softworks.png	typographic	12
Core Design	core-design.png	typographic	12
Morning Star Multimedia	morning-star-multimedia.png	typographic	12
Imagitec Design	imagitec-design.png	typographic	12
Advance Communication Company	advance-communication-company.png	typographic	12
B.I.T.S.	b-i-t-s.png	typographic	12
Now Production	now-production.png	typographic	12
Activision Publishing	activision-publishing.png	typographic	12
Ignition Entertainment	ignition-entertainment.png	typographic	12
The Software Toolworks	the-software-toolworks.png	typographic	11
Bit Managers	bit-managers.png	typographic	11
Namco Hometek	namco-hometek.png	typographic	11
NCS	ncs.png	typographic	11
Renovation Products	renovation-products.png	typographic	11
Genki	genki.png	typographic	11
Toho	toho.png	typographic	11
Treasure	treasure.png	typographic	11
Micronics	micronics.png	typographic	11
Bandai America	bandai-america.png	typographic	11
Camerica	camerica.png	typographic	11
Griptonite	griptonite.png	typographic	11
Planet Interactive Development	planet-interactive-development.png	typographic	11
TDK Mediactive	tdk-mediactive.png	typographic	11
HotGen Studios	hotgen-studios.png	typographic	11
Micronet	micronet.png	typographic	11
Video System	video-system.png	typographic	10
Wolf Team	wolf-team.png	typographic	10
Aicom	aicom.png	typographic	10
Blizzard Entertainment	blizzard-entertainment.png	typographic	10
Visual Concepts Entertainment	visual-concepts-entertainment.png	typographic	10
American Sammy	american-sammy.png	typographic	10
MicroProse Software	microprose-software.png	typographic	10
Hasbro Interactive	hasbro-interactive.png	typographic	10
Pax Softnica	pax-softnica.png	typographic	10
NMS Software	nms-software.png	typographic	10
Tarantula Studios	tarantula-studios.png	typographic	10
David A. Palmer Productions	david-a-palmer-productions.png	typographic	10
Full Fat Productions	full-fat-productions.png	typographic	10
Universal Interactive	universal-interactive.png	typographic	10
Handheld Games	handheld-games.png	typographic	10
Arena Entertainment	arena-entertainment.png	typographic	10
SIMS	sims.png	typographic	10
Rockstar Games	rockstar-games.png	simple-icons:rockstargames	9
ASCII	ascii.png	typographic	9
Ocean of America	ocean-of-america.png	typographic	9
Argonaut Games	argonaut-games.png	typographic	9
Gremlin Graphics Software	gremlin-graphics-software.png	typographic	9
Quest	quest.png	simple-icons:quest	9
Atari Games	atari-games.png	typographic	9
Opera House	opera-house.png	typographic	9
Camelot Software Planning	camelot-software-planning.png	typographic	9
Milton Bradley	milton-bradley.png	typographic	9
Fuzhou Waixing Computer Science & Technology	fuzhou-waixing-computer-science-technology.png	typographic	9
Hummer Team	hummer-team.png	typographic	9
Artificial Mind & Movement	artificial-mind-movement.png	typographic	9
Konami Computer Entertainment Japan	konami-computer-entertainment-japan.png	typographic	9
Square Enix	square-enix.png	simple-icons:squareenix	8
Gray Matter	gray-matter.png	typographic	8
Starfish	starfish.png	typographic	8
LucasArts	lucasarts.png	typographic	8
Bitmasters	bitmasters.png	typographic	8
Arc System Works	arc-system-works.png	typographic	8
Factor 5	factor-5.png	typographic	8
NuFX	nufx.png	typographic	8
Al Baker & Associates	al-baker-associates.png	typographic	8
Mass Media	mass-media.png	typographic	8
Take-Two Interactive Software	take-two-interactive-software.png	simple-icons:taketwointeractivesoftware	8
Midway Games	midway-games.png	typographic	8
Data East USA	data-east-usa.png	typographic	8
Thin Chen Enterprise	thin-chen-enterprise.png	typographic	8
Gamtec	gamtec.png	typographic	8
Novotrade Software	novotrade-software.png	typographic	8
Konami Computer Entertainment Nagoya	konami-computer-entertainment-nagoya.png	typographic	8
DC Studios	dc-studios.png	typographic	8
Metro3D	metro3d.png	typographic	8
Telenet Japan	telenet-japan.png	typographic	8
Ballistic	ballistic.png	typographic	8
Sony Computer Entertainment Europe	sony-computer-entertainment-europe.png	typographic	7
Fox Interactive	fox-interactive.png	typographic	7
MotiveTime	motivetime.png	typographic	7
JVC Musical Industries	jvc-musical-industries.png	typographic	7
Spectrum Holobyte	spectrum-holobyte.png	typographic	7
Victor Interactive Software	victor-interactive-software.png	typographic	7
Asmik Corporation of America	asmik-corporation-of-america.png	typographic	7
Leland Interactive Media	leland-interactive-media.png	typographic	7
Chunsoft	chunsoft.png	typographic	7
Rage Software	rage-software.png	typographic	7
Domark Software	domark-software.png	typographic	7
Visual Concepts	visual-concepts.png	typographic	7
Traveller's Tales (UK)	traveller-s-tales-uk.png	typographic	7
Data Design Interactive	data-design-interactive.png	typographic	7
ITL	itl.png	typographic	7
TechnoSoft	technosoft.png	typographic	7
Sofel	sofel.png	typographic	7
Paradigm Entertainment	paradigm-entertainment.png	typographic	7
Lego Media	lego-media.png	typographic	7
Infogrames Europe	infogrames-europe.png	typographic	7
Tantalus Interactive	tantalus-interactive.png	typographic	7
Romstar	romstar.png	typographic	7
Eastridge Technology	eastridge-technology.png	typographic	7
Character Soft	character-soft.png	typographic	7
Minakuchi Engineering	minakuchi-engineering.png	typographic	7
Visual Impact	visual-impact.png	typographic	7
Pocket Studios	pocket-studios.png	typographic	7
Helixe	helixe.png	typographic	7
RFX Interactive	rfx-interactive.png	typographic	7
Virtucraft	virtucraft.png	typographic	7
Rebellion Developments	rebellion-developments.png	typographic	7
Mattel Interactive	mattel-interactive.png	typographic	7
Sony Computer Entertainment	sony-computer-entertainment.png	simple-icons:playstation	6
Quintet	quintet.png	typographic	6
DTMC	dtmc.png	typographic	6
Jorudan	jorudan.png	typographic	6
Epoch	epoch.png	typographic	6
Sammy	sammy.png	typographic	6
A.I	a-i.png	typographic	6
Interplay Entertainment	interplay-entertainment.png	typographic	6
Kaneko	kaneko.png	typographic	6
Squaresoft	squaresoft.png	typographic	6
Williams Entertainment	williams-entertainment.png	typographic	6
The Sales Curve	the-sales-curve.png	typographic	6
MindSpan	mindspan.png	typographic	6
BITS	bits.png	typographic	6
Enigma Variations	enigma-variations.png	typographic	6
Bits Studios	bits-studios.png	typographic	6
Westwood Studios	westwood-studios.png	typographic	6
Copya System	copya-system.png	typographic	6
Pack-In-Video	pack-in-video.png	typographic	6
Origin Systems	origin-systems.png	typographic	6
LucasArts Entertainment	lucasarts-entertainment.png	typographic	6
T&E Soft	t-e-soft.png	typographic	6
Avalanche Software	avalanche-software.png	typographic	6
Budcat Creations	budcat-creations.png	typographic	6
Winky Soft	winky-soft.png	typographic	6
Pixel	pixel.png	typographic	6
Bunch Games	bunch-games.png	typographic	6
American Game Cartridges	american-game-cartridges.png	typographic	6
Banpresto	banpresto.png	typographic	6
Joy Van	joy-van.png	typographic	6
Codemasters Software	codemasters-software.png	typographic	6
Sigma Enterprises	sigma-enterprises.png	typographic	6
ToaPlan	toaplan.png	typographic	6
Graphic Research	graphic-research.png	typographic	6
Jupiter	jupiter.png	typographic	6
Unexpected Development	unexpected-development.png	typographic	6
Velez & Dubail	velez-dubail.png	typographic	6
Möbius Entertainment	mobius-entertainment.png	typographic	6
DreamCatcher Interactive	dreamcatcher-interactive.png	typographic	6
3d6 Games	3d6-games.png	typographic	6
Skyworks Technologies	skyworks-technologies.png	typographic	6
Mistic Software	mistic-software.png	typographic	6
Fluid Studios	fluid-studios.png	typographic	6
Disney Interactive	disney-interactive.png	typographic	6
Xantera	xantera.png	typographic	6
Domark	domark.png	typographic	6
Treco	treco.png	typographic	6
Nihon Bussan	nihon-bussan.png	typographic	5
Equilibrium	equilibrium.png	typographic	5
Victor Musical Industries	victor-musical-industries.png	typographic	5
Playmates Interactive Entertainment	playmates-interactive-entertainment.png	typographic	5
Sting	sting.png	typographic	5
Vivid Image	vivid-image.png	typographic	5
The Bitmap Brothers	the-bitmap-brothers.png	typographic	5
DMA Design	dma-design.png	typographic	5
Asmik	asmik.png	typographic	5
Tiburon Entertainment	tiburon-entertainment.png	typographic	5
Hitmen Productions	hitmen-productions.png	typographic	5
Electronic Arts Canada	electronic-arts-canada.png	typographic	5
Twilight	twilight.png	typographic	5
Bullfrog Productions	bullfrog-productions.png	typographic	5
Gremlin Interactive	gremlin-interactive.png	typographic	5
Acme Interactive	acme-interactive.png	typographic	5
Eurocom Developments	eurocom-developments.png	typographic	5
Locomotive	locomotive.png	typographic	5
Titus Interactive	titus-interactive.png	typographic	5
Japan System Supply	japan-system-supply.png	typographic	5
GT Interactive Software	gt-interactive-software.png	typographic	5
Left Field Productions	left-field-productions.png	typographic	5
Stormfront Studios	stormfront-studios.png	typographic	5
Realtime Associates Seattle Division	realtime-associates-seattle-division.png	typographic	5
Sanritsu Denki	sanritsu-denki.png	typographic	5
Distinctive Software	distinctive-software.png	typographic	5
Panesian	panesian.png	typographic	5
Sakata SAS	sakata-sas.png	typographic	5
Zippo Games	zippo-games.png	typographic	5
Hect	hect.png	typographic	5
Brøderbund Software	brderbund-software.png	typographic	5
Teeny Weeny Games	teeny-weeny-games.png	typographic	5
Visco	visco.png	typographic	5
Atelier Double	atelier-double.png	typographic	5
Teque London	teque-london.png	typographic	5
Tom Create	tom-create.png	typographic	5
Halfbrick Studios	halfbrick-studios.png	typographic	5
The Game Factory	the-game-factory.png	typographic	5
VU Games	vu-games.png	typographic	5
DSI Games	dsi-games.png	typographic	5
Buena Vista Games	buena-vista-games.png	typographic	5
Light & Shadow Production	light-shadow-production.png	typographic	5
Majesco Entertainment	majesco-entertainment.png	typographic	5
MTO	mto.png	typographic	5
Webfoot Technologies	webfoot-technologies.png	typographic	5
Pipedream Interactictive	pipedream-interactictive.png	typographic	5
Vivendi Universal Games	vivendi-universal-games.png	typographic	5
M4 Ltd.	m4-ltd.png	typographic	5
The Climax Group	the-climax-group.png	typographic	5
Game Arts	game-arts.png	typographic	5
Sage's Creation	sage-s-creation.png	typographic	5
Technosoft	technosoft.png	typographic	5
Produce!	produce.png	typographic	4
Cybersoft	cybersoft.png	typographic	4
Radiance Software	radiance-software.png	typographic	4
Painting by Numbers	painting-by-numbers.png	typographic	4
Ringler Studios	ringler-studios.png	typographic	4
Extended Play Productions	extended-play-productions.png	typographic	4
Delphine Software International	delphine-software-international.png	typographic	4
Twin Eagles Group	twin-eagles-group.png	typographic	4
Designer Software	designer-software.png	typographic	4
Halestorm	halestorm.png	typographic	4
Sterling Silver Software	sterling-silver-software.png	typographic	4
Infinity	infinity.png	typographic	4
System 3 Software	system-3-software.png	typographic	4
Extreme Entertainment Group	extreme-entertainment-group.png	typographic	4
Western Technologies	western-technologies.png	typographic	4
Novotrade International	novotrade-international.png	typographic	4
Nintendo of America	nintendo-of-america.png	typographic	4
Advanced Productions	advanced-productions.png	typographic	4
Arc Developments	arc-developments.png	typographic	4
PanelComp	panelcomp.png	typographic	4
Syrox Developments	syrox-developments.png	typographic	4
Player 1	player-1.png	typographic	4
Point of View	point-of-view.png	typographic	4
Konami Computer Entertainment Kobe	konami-computer-entertainment-kobe.png	typographic	4
Acclaim Studios Salt Lake City	acclaim-studios-salt-lake-city.png	typographic	4
Edge Of Reality	edge-of-reality.png	typographic	4
Boss Game Studios	boss-game-studios.png	typographic	4
Red Storm Entertainment	red-storm-entertainment.png	typographic	4
NMK	nmk.png	typographic	4
Odyssey Software	odyssey-software.png	typographic	4
CSG Imagesoft	csg-imagesoft.png	typographic	4
Idea-Tek	idea-tek.png	typographic	4
ASK Kodansha	ask-kodansha.png	typographic	4
A Wave	a-wave.png	typographic	4
Cyclone System	cyclone-system.png	typographic	4
Japan System House	japan-system-house.png	typographic	4
Human Soft	human-soft.png	typographic	4
Aqua Pacific	aqua-pacific.png	typographic	4
Humongous Entertainment	humongous-entertainment.png	typographic	4
Will	will.png	typographic	4
Graphic State	graphic-state.png	typographic	4
Sennari Interactive	sennari-interactive.png	typographic	4
Game Titan	game-titan.png	typographic	4
Amaze Entertainment	amaze-entertainment.png	typographic	4
Jaleco Entertainment	jaleco-entertainment.png	typographic	4
Eidos Interactive	eidos-interactive.png	typographic	4
Sierra Entertainment	sierra-entertainment.png	typographic	4
Sega AM2	sega-am2.png	typographic	4
Polygames	polygames.png	typographic	4
DreamWorks	dreamworks.png	typographic	4
Sucker Punch Productions	sucker-punch-productions.png	typographic	3
Krisalis Software	krisalis-software.png	typographic	3
Synergistic Software	synergistic-software.png	typographic	3
Incredible Technologies	incredible-technologies.png	typographic	3
Japan Art Media	japan-art-media.png	typographic	3
Monolith	monolith.png	typographic	3
ICOM Simulations	icom-simulations.png	typographic	3
Loriciels	loriciels.png	typographic	3
Affect	affect.png	typographic	3
Sensible Software	sensible-software.png	typographic	3
System Vision	system-vision.png	typographic	3
American Technōs	american-technos.png	typographic	3
BEC	bec.png	typographic	3
Shin-Nihon Laser Soft	shin-nihon-laser-soft.png	typographic	3
Almanic	almanic.png	typographic	3
Shiny Entertainment	shiny-entertainment.png	typographic	3
Xanth Software F/X	xanth-software-f-x.png	typographic	3
Red Company	red-company.png	simple-icons:red	3
Loriciel	loriciel.png	typographic	3
Alexandria	alexandria.png	typographic	3
Manley & Associates	manley-associates.png	typographic	3
Seika	seika.png	typographic	3
Neverland	neverland.png	typographic	3
Software Toolworks	software-toolworks.png	typographic	3
NTVIC	ntvic.png	typographic	3
Silicon & Synapse	silicon-synapse.png	typographic	3
Information Global Service	information-global-service.png	typographic	3
Tomcat System	tomcat-system.png	typographic	3
Virgin Interactive Entertainment (Europe)	virgin-interactive-entertainment-europe.png	typographic	3
Millennium Interactive	millennium-interactive.png	typographic	3
Nintendo R&D3	nintendo-r-d3.png	typographic	3
Asmik Ace Entertainment	asmik-ace-entertainment.png	typographic	3
H2O Entertainment	h2o-entertainment.png	typographic	3
Smart Dog	smart-dog.png	typographic	3
High Voltage Software	high-voltage-software.png	typographic	3
VIS Entertainment	vis-entertainment.png	typographic	3
Angel Studios	angel-studios.png	typographic	3
Silicon Dreams	silicon-dreams.png	typographic	3
Acclaim Studios Austin	acclaim-studios-austin.png	typographic	3
Zed Two Game Design Studio	zed-two-game-design-studio.png	typographic	3
AKI	aki.png	typographic	3
Marionette	marionette.png	typographic	3
TRY	try.png	typographic	3
Super Game	super-game.png	typographic	3
C&E	c-e.png	simple-icons:ce	3
Active Enterprises	active-enterprises.png	typographic	3
Farsight Technologies	farsight-technologies.png	typographic	3
Lenar	lenar.png	typographic	3
Big Red Software	big-red-software.png	typographic	3
Microsmiths	microsmiths.png	typographic	3
Ka Sheng	ka-sheng.png	typographic	3
NTDEC	ntdec.png	typographic	3
JY Company	jy-company.png	typographic	3
Minato Giken	minato-giken.png	typographic	3
Bethesda Softworks	bethesda-softworks.png	typographic	3
Taxan USA	taxan-usa.png	typographic	3
Tomy	tomy.png	typographic	3
Source Research & Development	source-research-development.png	typographic	3
EIM	eim.png	typographic	3
Home Data	home-data.png	typographic	3
J.Y. Company	j-y-company.png	typographic	3
Dragon	dragon.png	typographic	3
Nexoft	nexoft.png	typographic	3
Meldac of Japan	meldac-of-japan.png	typographic	3
Parker Brothers	parker-brothers.png	typographic	3
Condor	condor.png	typographic	3
Razorback Developments	razorback-developments.png	typographic	3
Zoo Digital Publishing	zoo-digital-publishing.png	typographic	3
Hip Interactive	hip-interactive.png	typographic	3
Ubi Soft Entertainment	ubi-soft-entertainment.png	typographic	3
Cave Barn Studios	cave-barn-studios.png	typographic	3
Raylight Studios	raylight-studios.png	typographic	3
Simon & Schuster Interactive	simon-schuster-interactive.png	typographic	3
Vision Works	vision-works.png	typographic	3
Art	art.png	typographic	3
Runecraft	runecraft.png	typographic	3
Ancient	ancient.png	typographic	3
2K Games	2k-games.png	typographic	3
Gorilla Systems	gorilla-systems.png	typographic	3
Global Star Software	global-star-software.png	typographic	3
Spellbound Interactive	spellbound-interactive.png	typographic	3
Blitz Games	blitz-games.png	typographic	3
OutLook Entertainment	outlook-entertainment.png	typographic	3
Multimedia Intelligence Transfer	multimedia-intelligence-transfer.png	typographic	3
Success	success.png	typographic	3
Konami Computer Entertainment Hawaii	konami-computer-entertainment-hawaii.png	typographic	3
Paragon Five	paragon-five.png	typographic	3
Orbital Media	orbital-media.png	typographic	3
SouthPeak Games	southpeak-games.png	typographic	3
Exient Entertainment	exient-entertainment.png	typographic	3
Capcom Production Studio 2	capcom-production-studio-2.png	typographic	3
Inti Creates	inti-creates.png	typographic	3
Ubi Soft Studios	ubi-soft-studios.png	typographic	3
Pocketeers	pocketeers.png	typographic	3
Digital Illusions	digital-illusions.png	typographic	3
Lucky Chicken Games	lucky-chicken-games.png	typographic	3
Awesome Developments	awesome-developments.png	typographic	3
XS Games	xs-games.png	typographic	3
Warthog	warthog.png	typographic	3
Powerhead Games	powerhead-games.png	typographic	3
Cosmigo	cosmigo.png	typographic	3
2n Productions	2n-productions.png	typographic	3
Game Brains	game-brains.png	typographic	3
Sandbox Studios	sandbox-studios.png	typographic	3
Retro Studios	retro-studios.png	typographic	3
Nintendo EPD	nintendo-epd.png	typographic	3
Appaloosa Interactive	appaloosa-interactive.png	typographic	3
Aspect	aspect.png	typographic	3
Sega R&D 2	sega-r-d-2.png	typographic	3
Innerprise Software	innerprise-software.png	typographic	3
Riot	riot.png	typographic	3
Sega Technical Institute	sega-technical-institute.png	typographic	3
RazorSoft	razorsoft.png	typographic	3
Climax Entertainment	climax-entertainment.png	typographic	3
Headgames	headgames.png	typographic	3
Rockstar North	rockstar-north.png	typographic	2
Team ICO	team-ico.png	typographic	2
MC O'River	mc-o-river.png	typographic	2
Yanoman	yanoman.png	typographic	2
Bonsai Entertainment	bonsai-entertainment.png	typographic	2
Motown Games	motown-games.png	typographic	2
Riedel Software Productions	riedel-software-productions.png	typographic	2
Artech Digital Entertainment	artech-digital-entertainment.png	typographic	2
Silicon Sorcery	silicon-sorcery.png	typographic	2
Raya Systems	raya-systems.png	typographic	2
Elite Systems	elite-systems.png	typographic	2
Ukiyotei	ukiyotei.png	typographic	2
Victor Entertainment	victor-entertainment.png	typographic	2
AIM	aim.png	typographic	2
Nexus Interact	nexus-interact.png	typographic	2
Lankhor	lankhor.png	typographic	2
SPS	sps.png	typographic	2
Sun L	sun-l.png	typographic	2
Merit Studios	merit-studios.png	typographic	2
Ceris Software	ceris-software.png	typographic	2
Aisystem Tokyo	aisystem-tokyo.png	typographic	2
Flair Software	flair-software.png	typographic	2
Atreid Concept	atreid-concept.png	typographic	2
Left Field Entertainment	left-field-entertainment.png	typographic	2
Novalogic	novalogic.png	typographic	2
Maxis Software	maxis-software.png	typographic	2
GTE Entertainment	gte-entertainment.png	typographic	2
The Illusions Gaming Company	the-illusions-gaming-company.png	typographic	2
Cryo Interactive Entertainment	cryo-interactive-entertainment.png	typographic	2
VectorDean	vectordean.png	typographic	2
Zekader	zekader.png	typographic	2
KaZe	kaze.png	typographic	2
Konami of America	konami-of-america.png	typographic	2
Nova	nova.png	typographic	2
Denton Designs	denton-designs.png	typographic	2
C-lab.	c-lab.png	typographic	2
East Point Software	east-point-software.png	typographic	2
ASCII Entertainment Software	ascii-entertainment-software.png	typographic	2
Looking Glass Studios	looking-glass-studios.png	typographic	2
Gratuitous Games	gratuitous-games.png	typographic	2
Z-Axis	z-axis.png	typographic	2
Interactive Studios	interactive-studios.png	typographic	2
Yuke's	yuke-s.png	typographic	2
Southpeak Interactive	southpeak-interactive.png	typographic	2
MBL Research	mbl-research.png	typographic	2
Pacific Coast Power & Light	pacific-coast-power-light.png	typographic	2
Snowblind Studios	snowblind-studios.png	typographic	2
Luxoflux	luxoflux.png	typographic	2
Kodiak Interactive Software Studios	kodiak-interactive-software-studios.png	typographic	2
Omega Force	omega-force.png	typographic	2
Thinking Rabbit	thinking-rabbit.png	typographic	2
Konami Industry	konami-industry.png	typographic	2
Mattel Electronics	mattel-electronics.png	typographic	2
Hwang Shinwei	hwang-shinwei.png	typographic	2
RCM Group	rcm-group.png	typographic	2
Optimus Software	optimus-software.png	typographic	2
Another	another.png	typographic	2
Hiro	hiro.png	typographic	2
Softie	softie.png	typographic	2
Takeru	takeru.png	typographic	2
Palcom Software	palcom-software.png	typographic	2
Micro Genius	micro-genius.png	typographic	2
Rare Game	rare-game.png	typographic	2
Lucasfilm Games	lucasfilm-games.png	typographic	2
Masaya	masaya.png	typographic	2
Ramar International	ramar-international.png	typographic	2
Hummer Software	hummer-software.png	typographic	2
Shouei System	shouei-system.png	typographic	2
Toei Animation	toei-animation.png	typographic	2
Culture Brain USA	culture-brain-usa.png	typographic	2
Bits Laboratory	bits-laboratory.png	typographic	2
Sandcastle	sandcastle.png	typographic	2
Dark Technologies	dark-technologies.png	typographic	2
Tamtex	tamtex.png	typographic	2
Realtec	realtec.png	typographic	2
Matchbox International	matchbox-international.png	typographic	2
UPL	upl.png	typographic	2
Klon	klon.png	typographic	2
Tokuma Shoten	tokuma-shoten.png	typographic	2
Cinemaware	cinemaware.png	typographic	2
Scitron & Art	scitron-art.png	typographic	2
RSP	rsp.png	typographic	2
Pony Canyon	pony-canyon.png	typographic	2
Arcadia Systems	arcadia-systems.png	typographic	2
Sonata	sonata.png	typographic	2
Naxat Soft	naxat-soft.png	typographic	2
Software Toolbox	software-toolbox.png	typographic	2
Computer & Entertainment	computer-entertainment.png	typographic	2
Game Studio	game-studio.png	typographic	2
Hi-Score Media Work	hi-score-media-work.png	typographic	2
DiCE	dice.png	typographic	2
Betop	betop.png	typographic	2
Nichibutsu	nichibutsu.png	typographic	2
Citizen Software	citizen-software.png	typographic	2
Take-Two Interactive Software Europe	take-two-interactive-software-europe.png	typographic	2
GameTek UK	gametek-uk.png	typographic	2
I.T.L	i-t-l.png	typographic	2
Interbec	interbec.png	typographic	2
International Games System	international-games-system.png	typographic	2
Hookstone	hookstone.png	typographic	2
Aspyr Media	aspyr-media.png	typographic	2
ELO Interactive Media	elo-interactive-media.png	typographic	2
Atari Europe	atari-europe.png	typographic	2
JV Games	jv-games.png	typographic	2
GameBrains	gamebrains.png	typographic	2
Smilebit	smilebit.png	typographic	2
Atlus U.S.A.	atlus-u-s-a.png	typographic	2
Alpine Studios	alpine-studios.png	typographic	2
Summitsoft Entertainment	summitsoft-entertainment.png	typographic	2
Black Lantern Studios	black-lantern-studios.png	typographic	2
Activision Value Publishing	activision-value-publishing.png	typographic	2
Collision Studios	collision-studios.png	typographic	2
Frontline Studios	frontline-studios.png	typographic	2
WOW Entertainment	wow-entertainment.png	typographic	2
Dimps	dimps.png	typographic	2
CinéGroupe Interactive	cinegroupe-interactive.png	typographic	2
Million	million.png	typographic	2
Mastiff	mastiff.png	typographic	2
Amble	amble.png	typographic	2
Spike	spike.png	typographic	2
D3Publisher	d3publisher.png	typographic	2
Interactive Vision	interactive-vision.png	typographic	2
Neko Entertainment	neko-entertainment.png	typographic	2
Lucky Jump	lucky-jump.png	typographic	2
Mobile21	mobile21.png	typographic	2
Marvelous Interactive	marvelous-interactive.png	typographic	2
Valusoft	valusoft.png	typographic	2
Climax Studios	climax-studios.png	typographic	2
Shin'en Multimedia	shin-en-multimedia.png	typographic	2
Eighting	eighting.png	typographic	2
Disney Interactive Studios	disney-interactive-studios.png	typographic	2
Brownie Brown	brownie-brown.png	typographic	2
Nintendo STC	nintendo-stc.png	typographic	2
Climax Group	climax-group.png	typographic	2
Wanadoo Edition	wanadoo-edition.png	typographic	2
Artoon	artoon.png	typographic	2
Agatsuma Entertainment	agatsuma-entertainment.png	typographic	2
Grasshopper Manufacture	grasshopper-manufacture.png	typographic	2
Prolific	prolific.png	typographic	2
Flight-Plan	flight-plan.png	typographic	2
Nintendo R&D2	nintendo-r-d2.png	typographic	2
Pronto Games	pronto-games.png	typographic	2
Buena Vista Interactive	buena-vista-interactive.png	typographic	2
Ed Magnin and Associates	ed-magnin-and-associates.png	typographic	2
Enix America	enix-america.png	typographic	2
KnowWonder	knowwonder.png	typographic	2
Agetec	agetec.png	typographic	2
Interactive Imagination	interactive-imagination.png	typographic	2
Classified Games	classified-games.png	typographic	2
Act Japan	act-japan.png	typographic	2
Crystal Dynamics	crystal-dynamics.png	typographic	2
M2	m2.png	typographic	2
Santos	santos.png	typographic	2
The Kremlin	the-kremlin.png	typographic	2
Eden Entertainment Software	eden-entertainment-software.png	typographic	2
Sonic Co.	sonic-co.png	typographic	2
Adrenalin Entertainment	adrenalin-entertainment.png	typographic	2
MicroProse	microprose.png	typographic	2
WJS Design	wjs-design.png	typographic	2
Inter State	inter-state.png	typographic	2
Sega CS1	sega-cs1.png	typographic	2
Team Shinobi	team-shinobi.png	typographic	2
TecMagik Entertainment	tecmagik-entertainment.png	typographic	2
Tec Toy Indústria de Brinquedos	tec-toy-industria-de-brinquedos.png	typographic	2
Illusions Gaming	illusions-gaming.png	typographic	2
Mentrix Software	mentrix-software.png	typographic	2
Romburner Development	romburner-development.png	typographic	2
SEGA Interactive Development Division	sega-interactive-development-division.png	typographic	2
Raising Hell Software	raising-hell-software.png	typographic	2
Grey Matter	grey-matter.png	typographic	2
Westone	westone.png	typographic	2
Sega Midwest Studio	sega-midwest-studio.png	typographic	2
RetroSouls	retrosouls.png	typographic	2
Zyrinx	zyrinx.png	typographic	2
Sankyo Fundship	sankyo-fundship.png	typographic	2
SCE Studio Cambridge	sce-studio-cambridge.png	typographic	1
Light Weight	light-weight.png	typographic	1
Insomniac Games	insomniac-games.png	typographic	1
SingleTrac Entertainment Technologies	singletrac-entertainment-technologies.png	typographic	1
SCE Studio Santa Monica	sce-studio-santa-monica.png	typographic	1
SCE Santa Monica Studio	sce-santa-monica-studio.png	typographic	1
Gearbox Software	gearbox-software.png	typographic	1
Sierra On-Line	sierra-on-line.png	typographic	1
Sucker Punch	sucker-punch.png	typographic	1
Opus	opus.png	typographic	1
Argent	argent.png	typographic	1
Nihon Falcom	nihon-falcom.png	typographic	1
A-Max	a-max.png	typographic	1
Engine Software	engine-software.png	typographic	1
Piko Interactive	piko-interactive.png	typographic	1
Cream	cream.png	typographic	1
Funcom Productions	funcom-productions.png	typographic	1
Dini and Dini Productions	dini-and-dini-productions.png	typographic	1
FTL Games	ftl-games.png	typographic	1
CTA Developments	cta-developments.png	typographic	1
NCM Entertainment	ncm-entertainment.png	typographic	1
Peakstar Software	peakstar-software.png	typographic	1
Axes Art Amuse	axes-art-amuse.png	typographic	1
Häus Teknikka	haus-teknikka.png	typographic	1
G-Craft	g-craft.png	typographic	1
Amccus	amccus.png	typographic	1
Magical Company	magical-company.png	typographic	1
Blue Byte Software	blue-byte-software.png	typographic	1
Anco Software	anco-software.png	typographic	1
Arcade Zone	arcade-zone.png	typographic	1
Blue Turtle	blue-turtle.png	typographic	1
Polestar	polestar.png	simple-icons:polestar	1
Konami (America)	konami-america.png	typographic	1
Solid Software	solid-software.png	typographic	1
Scenario Developments	scenario-developments.png	typographic	1
Prism Kikaku	prism-kikaku.png	typographic	1
Redline Games	redline-games.png	typographic	1
Phoenix Interactive Entertainment	phoenix-interactive-entertainment.png	typographic	1
Arsys Software	arsys-software.png	typographic	1
Red Rat Software	red-rat-software.png	typographic	1
Seibu Kaihatsu	seibu-kaihatsu.png	typographic	1
64WD Creation	64wd-creation.png	typographic	1
Rainbow Arts	rainbow-arts.png	typographic	1
EJ Corp.	ej-corp.png	typographic	1
Atmark	atmark.png	typographic	1
Hori Electric	hori-electric.png	typographic	1
Zeppelin Games	zeppelin-games.png	typographic	1
Asmic Software	asmic-software.png	typographic	1
Oxford Digital Enterprises	oxford-digital-enterprises.png	typographic	1
Triffix Entertainment	triffix-entertainment.png	typographic	1
tri-Ace	tri-ace.png	typographic	1
Panoramic	panoramic.png	typographic	1
Make Software, Inc.	make-software-inc.png	typographic	1
Mindscape International	mindscape-international.png	typographic	1
Red Entertainment	red-entertainment.png	typographic	1
Toshiba-EMI	toshiba-emi.png	typographic	1
Sun of America	sun-of-america.png	typographic	1
Sting Entertainment	sting-entertainment.png	typographic	1
Gaps	gaps.png	typographic	1
Midway Manufacturing	midway-manufacturing.png	typographic	1
Trimark Interactive	trimark-interactive.png	typographic	1
Funcom Oslo	funcom-oslo.png	typographic	1
Sir-Tech Software	sir-tech-software.png	typographic	1
Sphere	sphere.png	typographic	1
Winds	winds.png	typographic	1
Acclaim Studios London	acclaim-studios-london.png	typographic	1
Climax	climax.png	typographic	1
Distinctive Developments	distinctive-developments.png	typographic	1
SCi Games	sci-games.png	typographic	1
Noise	noise.png	typographic	1
Kronos Digital Entertainment	kronos-digital-entertainment.png	typographic	1
Ubi Soft Paris Studios	ubi-soft-paris-studios.png	typographic	1
Iguana UK	iguana-uk.png	typographic	1
Raven Software	raven-software.png	typographic	1
id Software	id-software.png	typographic	1
Ambrella	ambrella.png	typographic	1
GearHead Entertainment	gearhead-entertainment.png	typographic	1
Ion Storm	ion-storm.png	typographic	1
Black Ops Entertainment	black-ops-entertainment.png	typographic	1
BIg Bang Software	big-bang-software.png	typographic	1
Electronic Arts Tiburon	electronic-arts-tiburon.png	typographic	1
Devil's Thumb Entertainment	devil-s-thumb-entertainment.png	typographic	1
Minds Eye Productions	minds-eye-productions.png	typographic	1
Director's Cut International	director-s-cut-international.png	typographic	1
Iguana West	iguana-west.png	typographic	1
Kalisto Entertainment	kalisto-entertainment.png	typographic	1
Infogrames Sheffield House	infogrames-sheffield-house.png	typographic	1
Dinamic Multimedia	dinamic-multimedia.png	typographic	1
Raster Productions	raster-productions.png	typographic	1
Pure Entertainment	pure-entertainment.png	typographic	1
Titanium Studios	titanium-studios.png	typographic	1
Acclaim Studios	acclaim-studios.png	typographic	1
Midway Games West	midway-games-west.png	typographic	1
Terraglyph Interactive Studios	terraglyph-interactive-studios.png	typographic	1
Acclaim Studios Teesside	acclaim-studios-teesside.png	typographic	1
Infinite Ventures	infinite-ventures.png	typographic	1
Racdym	racdym.png	typographic	1
UFO Interactive Games	ufo-interactive-games.png	typographic	1
Rivage Games	rivage-games.png	typographic	1
Treyarch Invention	treyarch-invention.png	typographic	1
Eden Studios	eden-studios.png	typographic	1
Celeris	celeris.png	typographic	1
Inland Productions	inland-productions.png	typographic	1
Infogrames Entertainment	infogrames-entertainment.png	typographic	1
Team17 Software	team17-software.png	typographic	1
Crosstalk	crosstalk.png	typographic	1
Movie Interactive Software	movie-interactive-software.png	typographic	1
Rocket Science Productions	rocket-science-productions.png	typographic	1
Sugar Softec	sugar-softec.png	typographic	1
Chris Gray Enterprises	chris-gray-enterprises.png	typographic	1
Dynamix	dynamix.png	typographic	1
Sharedata	sharedata.png	typographic	1
Sur de Wave	sur-de-wave.png	typographic	1
Gluk Video	gluk-video.png	typographic	1
Bothtec	bothtec.png	typographic	1
Amusement Vision	amusement-vision.png	typographic	1
Micheal Crick	micheal-crick.png	typographic	1
Human Creative	human-creative.png	typographic	1
David Braben	david-braben.png	typographic	1
Mega Soft	mega-soft.png	typographic	1
NGD Studios	ngd-studios.png	typographic	1
Make Software	make-software.png	typographic	1
Sigma Entertainment	sigma-entertainment.png	typographic	1
Capcom U.S.A.	capcom-u-s-a.png	typographic	1
Hummer Tecnnology	hummer-tecnnology.png	typographic	1
Escape	escape.png	typographic	1
Random House	random-house.png	typographic	1
Interlink	interlink.png	typographic	1
Birthday	birthday.png	typographic	1
Khaos	khaos.png	typographic	1
Geo Factory	geo-factory.png	typographic	1
KaSheng	kasheng.png	typographic	1
Workss	workss.png	typographic	1
DreamTech	dreamtech.png	typographic	1
Angel	angel.png	typographic	1
Audiogenic Software	audiogenic-software.png	typographic	1
Micro Academy	micro-academy.png	typographic	1
Graftgold	graftgold.png	typographic	1
Magic	magic.png	simple-icons:magic	1
Magicseries	magicseries.png	typographic	1
Peter WILLIAMSON	peter-williamson.png	typographic	1
INTV	intv.png	typographic	1
Hosekn of USA	hosekn-of-usa.png	typographic	1
Cony Soft	cony-soft.png	typographic	1
Yoko Soft	yoko-soft.png	typographic	1
Carry Lab	carry-lab.png	typographic	1
M&M	m-m.png	typographic	1
Namcot	namcot.png	typographic	1
Varie	varie.png	typographic	1
Ei-How Yang	ei-how-yang.png	typographic	1
Hosenkan Electronics	hosenkan-electronics.png	typographic	1
Dragon Co.	dragon-co.png	typographic	1
Valiant Pig	valiant-pig.png	typographic	1
Arc	arc.png	simple-icons:arc	1
Iwasaki Electronics	iwasaki-electronics.png	typographic	1
Virgin Mastertronic	virgin-mastertronic.png	typographic	1
Limited Run Games	limited-run-games.png	typographic	1
Alpha Denshi Kōgyō	alpha-denshi-kogyo.png	typographic	1
K. Amusement Leasing	k-amusement-leasing.png	typographic	1
Gouder	gouder.png	typographic	1
E.S.C.	e-s-c.png	typographic	1
Fuzan Dayou	fuzan-dayou.png	typographic	1
Yanshan Software	yanshan-software.png	typographic	1
Chengdu Tai Jing Da Dong Computer	chengdu-tai-jing-da-dong-computer.png	typographic	1
Mattel	mattel.png	typographic	1
Tokai Engineering	tokai-engineering.png	typographic	1
Epic/Sony	epic-sony.png	typographic	1
Nitra	nitra.png	typographic	1
Cirque Verte	cirque-verte.png	typographic	1
Infocom	infocom.png	typographic	1
Newtopia Planning	newtopia-planning.png	typographic	1
Special FX Software	special-fx-software.png	typographic	1
Westwood Associates	westwood-associates.png	typographic	1
TomSoft Studio	tomsoft-studio.png	typographic	1
Nintendo R&D4	nintendo-r-d4.png	typographic	1
Sigma Pro-Tech	sigma-pro-tech.png	typographic	1
New Frontier	new-frontier.png	typographic	1
C.P. Brain	c-p-brain.png	typographic	1
OeRSTED	oersted.png	typographic	1
Pow	pow.png	typographic	1
Magnin & Associates	magnin-associates.png	typographic	1
Storm	storm.png	typographic	1
SystemSoft	systemsoft.png	typographic	1
Game Over	game-over.png	typographic	1
Towa Chiki	towa-chiki.png	typographic	1
Live Planning	live-planning.png	typographic	1
The Big Red Software Company	the-big-red-software-company.png	typographic	1
Universal	universal.png	typographic	1
Bit2	bit2.png	typographic	1
TamTam	tamtam.png	typographic	1
Pandora Box	pandora-box.png	typographic	1
Kawada	kawada.png	typographic	1
Natsu System	natsu-system.png	typographic	1
Locus	locus.png	typographic	1
Kitty Group	kitty-group.png	typographic	1
CBS Sony Group	cbs-sony-group.png	typographic	1
Ultra Software	ultra-software.png	typographic	1
Yutaka	yutaka.png	typographic	1
Argonaut Software	argonaut-software.png	typographic	1
Tuna Technologies	tuna-technologies.png	typographic	1
Acclaim Studios Manchester	acclaim-studios-manchester.png	typographic	1
Hokus Pokus	hokus-pokus.png	typographic	1
Empire Interactive	empire-interactive.png	typographic	1
Big Blue Bubble	big-blue-bubble.png	typographic	1
Sirius Games	sirius-games.png	typographic	1
Zero One	zero-one.png	typographic	1
InterActive Vision	interactive-vision.png	typographic	1
Hypnotix	hypnotix.png	typographic	1
Digital Fiction	digital-fiction.png	typographic	1
Barking Lizards Technologies	barking-lizards-technologies.png	typographic	1
Revolution Software	revolution-software.png	typographic	1
Vivendi Universal Interactive Publishing	vivendi-universal-interactive-publishing.png	typographic	1
1st Playable Productions	1st-playable-productions.png	typographic	1
D3Publisher of America	d3publisher-of-america.png	typographic	1
ImageBuilder Software	imagebuilder-software.png	typographic	1
Monkeystone	monkeystone.png	typographic	1
Microïds	microids.png	typographic	1
Ubi Soft	ubi-soft.png	simple-icons:ubisoft	1
Yoyo Entertainment	yoyo-entertainment.png	typographic	1
Denki	denki.png	typographic	1
Paon	paon.png	typographic	1
Tycoon	tycoon.png	typographic	1
Gotham Games	gotham-games.png	typographic	1
Jolliford Management	jolliford-management.png	typographic	1
Suzak	suzak.png	typographic	1
Atomic Planet Entertainment	atomic-planet-entertainment.png	typographic	1
Vaill	vaill.png	typographic	1
Team Angry Robot	team-angry-robot.png	typographic	1
Game Factory	game-factory.png	typographic	1
NAPS Team	naps-team.png	typographic	1
Frame Studios	frame-studios.png	typographic	1
Edge Interact	edge-interact.png	typographic	1
Sega Corporation	sega-corporation.png	simple-icons:sega	1
Altron Corporation	altron-corporation.png	typographic	1
Pukka Games	pukka-games.png	typographic	1
Black Hammer Game	black-hammer-game.png	typographic	1
Scholastic	scholastic.png	typographic	1
Creature Labs	creature-labs.png	typographic	1
Valcon Games	valcon-games.png	typographic	1
GFX Construction	gfx-construction.png	typographic	1
Warner Bros. Interactive Entertainment	warner-bros-interactive-entertainment.png	typographic	1
Infinite Dreams	infinite-dreams.png	typographic	1
P.M. Studios	p-m-studios.png	typographic	1
Gravity-I	gravity-i.png	typographic	1
Kritzelkratz 3000	kritzelkratz-3000.png	typographic	1
Warthog Games	warthog-games.png	typographic	1
Media Rings	media-rings.png	typographic	1
Fuse Games	fuse-games.png	typographic	1
Imagine Engine	imagine-engine.png	typographic	1
Netherock	netherock.png	typographic	1
Noise Factory	noise-factory.png	typographic	1
Radius9	radius9.png	typographic	1
Unique Development Studios	unique-development-studios.png	typographic	1
Tantalus Media	tantalus-media.png	typographic	1
Apex Designs	apex-designs.png	typographic	1
AIA	aia.png	typographic	1
Flying Tiger Development	flying-tiger-development.png	typographic	1
Doki Denki	doki-denki.png	typographic	1
AIA USA	aia-usa.png	typographic	1
SuperEmpire Interactive	superempire-interactive.png	typographic	1
Ninai Games	ninai-games.png	typographic	1
Codo Technologies	codo-technologies.png	typographic	1
J.P. Room	j-p-room.png	typographic	1
BBC Multimedia	bbc-multimedia.png	typographic	1
ImaginEngine	imaginengine.png	typographic	1
CodeFire	codefire.png	typographic	1
Humagade	humagade.png	typographic	1
Maxis	maxis.png	typographic	1
InLight Entertainment	inlight-entertainment.png	typographic	1
Prograph Research	prograph-research.png	typographic	1
Creations	creations.png	typographic	1
pixelStorm entertainment studios	pixelstorm-entertainment-studios.png	typographic	1
Capcom Production Studio 3	capcom-production-studio-3.png	typographic	1
Namco Tales Studio	namco-tales-studio.png	typographic	1
GameVision	gamevision.png	typographic	1
Taniko	taniko.png	typographic	1
Program Ace	program-ace.png	typographic	1
AlphaDream	alphadream.png	typographic	1
VIVARIUM	vivarium.png	typographic	1
Liquid Games	liquid-games.png	typographic	1
Iridon Interactive	iridon-interactive.png	typographic	1
Nocturnal Entertainment Australia	nocturnal-entertainment-australia.png	typographic	1
Sproing Interactive Media	sproing-interactive-media.png	typographic	1
Velez & Dubail Dev. Team	velez-dubail-dev-team.png	typographic	1
Inferno Games	inferno-games.png	typographic	1
Rainbow Studios	rainbow-studios.png	typographic	1
Stalker Entertainment	stalker-entertainment.png	typographic	1
Sensory Sweep Studios	sensory-sweep-studios.png	typographic	1
Backbone Entertainment	backbone-entertainment.png	typographic	1
Amedio	amedio.png	typographic	1
Puzzlekings	puzzlekings.png	typographic	1
Aardvark Software	aardvark-software.png	typographic	1
Run and Gun!	run-and-gun.png	typographic	1
The Learning Company	the-learning-company.png	typographic	1
Mitchell	mitchell.png	typographic	1
Hyperspace Cowgirls	hyperspace-cowgirls.png	typographic	1
Eleven	eleven.png	typographic	1
G3 Interactive	g3-interactive.png	typographic	1
Dreams	dreams.png	typographic	1
Nintendo Software Technology	nintendo-software-technology.png	typographic	1
Santaclaus	santaclaus.png	typographic	1
NEON Software	neon-software.png	typographic	1
Sound Source Interactive	sound-source-interactive.png	typographic	1
Mirage Media	mirage-media.png	typographic	1
Sanrio	sanrio.png	typographic	1
Landwarf	landwarf.png	typographic	1
NEC Interchannel	nec-interchannel.png	typographic	1
Mattel Media	mattel-media.png	typographic	1
Pulsar Interactive	pulsar-interactive.png	typographic	1
Knowledge Adventure	knowledge-adventure.png	typographic	1
Eclipse Entertainment	eclipse-entertainment.png	typographic	1
Novalicious	novalicious.png	typographic	1
Evolution Entertainment	evolution-entertainment.png	typographic	1
Yellowbelly	yellowbelly.png	typographic	1
Stunt Puppy Entertainment	stunt-puppy-entertainment.png	typographic	1
Tsukuda Original	tsukuda-original.png	typographic	1
Various	various.png	typographic	1
Rocket Games	rocket-games.png	typographic	1
Game-Play Studios	game-play-studios.png	typographic	1
The Pokémon Company	the-pokemon-company.png	typographic	1
Spark Creative	spark-creative.png	typographic	1
Blade Interactive Studios	blade-interactive-studios.png	typographic	1
Lost Boys Games	lost-boys-games.png	typographic	1
Mirage Interactive	mirage-interactive.png	typographic	1
Mermaid Studios	mermaid-studios.png	typographic	1
Micro Cabin	micro-cabin.png	typographic	1
toruzz	toruzz.png	typographic	1
Romhacking.net	romhacking-net.png	typographic	1
Media Factory	media-factory.png	typographic	1
Konami Computer Entertainment Sapporo	konami-computer-entertainment-sapporo.png	typographic	1
Two Tribes Publishing	two-tribes-publishing.png	typographic	1
Mangin & Associates	mangin-associates.png	typographic	1
Red Orb Entertainment	red-orb-entertainment.png	typographic	1
Sunset Entertainment	sunset-entertainment.png	typographic	1
HAL	hal.png	simple-icons:hal	1
Brighter Child Interactive	brighter-child-interactive.png	typographic	1
TOMY	tomy.png	typographic	1
Next Level Games	next-level-games.png	typographic	1
PlatinumGames	platinumgames.png	typographic	1
Hitmaker	hitmaker.png	typographic	1
Sega Studios USA	sega-studios-usa.png	typographic	1
Lance Investments	lance-investments.png	typographic	1
Taito America	taito-america.png	typographic	1
Riverhill Soft	riverhill-soft.png	typographic	1
Studio Alex	studio-alex.png	typographic	1
Freestyle	freestyle.png	typographic	1
Eleca	eleca.png	typographic	1
FACE	face.png	typographic	1
AM R&D Dept. #2	am-r-d-dept-2.png	typographic	1
Graftgold Creative Software	graftgold-creative-software.png	typographic	1
Dempa Shimbunsha	dempa-shimbunsha.png	typographic	1
Foley Hi-Tech Systems	foley-hi-tech-systems.png	typographic	1
Tahoe Software Productions	tahoe-software-productions.png	typographic	1
Personal Software Services	personal-software-services.png	typographic	1
Nuvision Entertainment	nuvision-entertainment.png	typographic	1
Fox Williams	fox-williams.png	typographic	1
Strategic Simulations	strategic-simulations.png	typographic	1
Bits of Magic	bits-of-magic.png	typographic	1
Soft Machine	soft-machine.png	typographic	1
Coconuts Japan Entertainment	coconuts-japan-entertainment.png	typographic	1
Kyugo	kyugo.png	typographic	1
Kyugo Trading	kyugo-trading.png	typographic	1
Nextech	nextech.png	typographic	1
Three-Sixty Pacific	three-sixty-pacific.png	typographic	1
Punk Development	punk-development.png	typographic	1
Hertz	hertz.png	typographic	1
MPS Labs	mps-labs.png	typographic	1
New World Computing	new-world-computing.png	typographic	1
XYZ Productions	xyz-productions.png	typographic	1
CSK Research Institute	csk-research-institute.png	typographic	1
Walt Disney Computer Software	walt-disney-computer-software.png	typographic	1
M2 Co.	m2-co.png	typographic	1
Game Refuge	game-refuge.png	typographic	1
Pacific Softspace	pacific-softspace.png	typographic	1
Interactive Designs	interactive-designs.png	typographic	1
Holocronet	holocronet.png	typographic	1
Brian A. Rice	brian-a-rice.png	typographic	1
Millenium Interactive	millenium-interactive.png	typographic	1
GTE Vantage	gte-vantage.png	typographic	1
System Sacom	system-sacom.png	typographic	1
Developer Resources	developer-resources.png	typographic	1
Looking Glass Technologies	looking-glass-technologies.png	typographic	1
Digital Developments	digital-developments.png	typographic	1
Magnetic Fields	magnetic-fields.png	typographic	1
Realtime Games Software	realtime-games-software.png	typographic	1
Apache Software	apache-software.png	typographic	1
Davidson & Associates	davidson-associates.png	typographic	1
Seismic Software	seismic-software.png	typographic	1
Mutant Productions	mutant-productions.png	typographic	1
Double Diamond Sports	double-diamond-sports.png	typographic	1
Spectacular Games	spectacular-games.png	typographic	1
Nextgrand	nextgrand.png	typographic	1
JSH	jsh.png	typographic	1
Sega AM7	sega-am7.png	typographic	1
Sprytes	sprytes.png	typographic	1
Perfect 10 Productions	perfect-10-productions.png	typographic	1
Atoll Soft	atoll-soft.png	typographic	1
Nex Entertainment	nex-entertainment.png	typographic	1
Naughty Dog	naughty-dog.png	typographic	1
Dinamic Software	dinamic-software.png	typographic	1
Megasoft	megasoft.png	typographic	1
Front Street Publishing	front-street-publishing.png	typographic	1
Sanritsu	sanritsu.png	typographic	1
Renegade Software	renegade-software.png	typographic	1
Toys for Bob	toys-for-bob.png	typographic	1
Punk Developments	punk-developments.png	typographic	1
Gametec	gametec.png	typographic	1
I.S.C.	i-s-c.png	typographic	1
Recreational Brainware	recreational-brainware.png	typographic	1
Clockwork Tortoise	clockwork-tortoise.png	typographic	1
Strata	strata.png	typographic	1
Epyx	epyx.png	typographic	1
Micro World	micro-world.png	typographic	1
ToeJam & Earl Productions	toejam-earl-productions.png	typographic	1
Johnson Voorsanger Productions	johnson-voorsanger-productions.png	typographic	1
X Boy	x-boy.png	typographic	1
Wonder Amusement Studio	wonder-amusement-studio.png	typographic	1
Toyo Recording	toyo-recording.png	typographic	1
PAL SOFT	pal-soft.png	typographic	1
Renovation Game	renovation-game.png	typographic	1
BudgeCo	budgeco.png	typographic	1
Masaya Games	masaya-games.png	typographic	1
Abalone	abalone.png	typographic	1
Deep Water	deep-water.png	typographic	1
Technopop	technopop.png	typographic	1
